,,,,,,
,Quantita,,BDA-CODE,RICETTE,PESI,KCAL 
Affogato al caffè con due palline di fiordilatte,,,,,,
"Caffe' Moka, In Tazza",50,,700796_2,"CAFFE' MOKA, in tazza",50,2
Gelato alla panna,100,,19032_1,GELATO ALLA PANNA,100,218
Analisi per porzione,150,,,CALCOLI BDA 100g,150,146
Analisi per 100 g,100,,,,,
,,,,,,
,,,,,,
Alici marinate,,,,,,
Acciughe O Alici,150,,1300_2,ACCIUGHE o ALICI,150,96
Olio Di Semi Di Mais,10,,907_2,OLIO DI SEMI DI MAIS,10,899
Aceto,9,,100205_1,ACETO,9,4
Sale Da Cucina,"0,3",,8021_1,SALE da cucina,"0,3",0
Analisi per porzione,"169,3",,,CALCOLI BDA 100g,169,138
Analisi per 100 g,100,,,,,
,,,,,,
Arrosticini di agnello,,,,,,
"Agnello, Carne Semigrassa",100,,100034_2,"AGNELLO, CARNE SEMIGRASSA",100,211
"Rosmarino, Secco",1,,8014_1,"ROSMARINO, secco",1,366
"Alloro, Secco",1,,8004_1,"ALLORO, secco",1,341
Sale Da Cucina,"0,3",,8021_1,SALE da cucina,"0,3",0
Analisi per porzione,"102,3",,,CALCOLI BDA 100g,102,"213,17"
Analisi per 100 g,100,,,,,
,,,,,,
Arrosto di vitello,,,,,,
"Bovino, Vitellone, 15-18 Mesi, Sottofesa, Senza Grasso Visibile",100,,8660_2,"BOVINO, VITELLONE, 15-18 MESI, sottofesa, senza grasso visibile",100,111
Brodo Vegetale,50,,701358_1,BRODO VEGETALE,50,6
Olio Di Oliva Extravergine,10,,702901_2,OLIO DI OLIVA EXTRAVERGINE,10,899
"Rosmarino, Fresco",3,,8013_1,"ROSMARINO, fresco",3,111
Analisi per porzione,163,,,CALCOLI BDA 100g,163,127
Analisi per 100 g,100,,,,,
,,,,,,
Asparagi lessati e conditi,,,,,,
Asparagi Di Campo,200,,304_1,ASPARAGI DI CAMPO,200,33
Olio Di Oliva Extravergine,10,,702901_2,OLIO DI OLIVA EXTRAVERGINE,10,899
Sale Da Cucina,"0,3",,8021_1,SALE da cucina,"0,3",0
Analisi per porzione,"210,3",,,CALCOLI BDA 100g,210,74
Analisi per 100 g,100,,,,,
,,,,,,
Banana zucchero e limone,,,,,,
Banana,150,,406_2,BANANA,150,69
Zucchero (Saccarosio),5,,2021_1,ZUCCHERO (Saccarosio),5,392
"Succo Di Limone, Fresco",5,,414_2,"SUCCO DI LIMONE, fresco",5,6
Analisi per porzione,160,,,CALCOLI BDA 100g,160,77
Analisi per 100 g,100,,,,,
,,,,,,
Besciamella,,,,,,
Burro,8,,1900_2,BURRO,8,758
"Farina Di Frumento, Tipo 00",8,,12_1,"FARINA DI FRUMENTO, TIPO 00",8,348
Latte intero,85,,1602_2,"LATTE DI VACCA, INTERO PASTORIZZATO",85,64
Sale Da Cucina,"0,3",,8021_1,SALE da cucina,"0,3",0
Pepe Nero,"0,1",,999964_1,PEPE NERO,"0,1",270
Noce Moscata,"0,4",,100217_1,NOCE MOSCATA,"0,4",442
Analisi per porzione,"101,8",,,CALCOLI BDA 100g,102,142
Analisi per 100 g,100,,,,,
,,,,,,
Biscotto frollino ,,,,,,
"Farina Di Frumento, Tipo 00",7,,12_1,"FARINA DI FRUMENTO, TIPO 00",7,348
Burro,"3,5",,1900_2,BURRO,"3,5",758
Zucchero (Saccarosio),3,,2021_1,ZUCCHERO (Saccarosio),3,392
"Uovo Di Gallina, Tuorlo",3,,1802_2,"UOVO DI GALLINA, TUORLO",3,325
Sale Da Cucina,"0,01",,8021_1,SALE da cucina,"0,01",0
Analisi per porzione,"16,51",,,CALCOLI BDA 100g,17,439
Analisi per 100 g,100,,,,,
,,,,,,
Bistecca alla pizzaiola,,,,,,
"Manzo, tagli di carne magra",100,,8520_2,"BOVINO, VITELLONE, 15-18 MESI, TAGLI DI CARNE MAGRA, senza grasso visibile",100,108
"Pomodori, Pelati, In Scatola Con Liquido",80,,392_1,"POMODORI, PELATI, IN SCATOLA CON LIQUIDO",80,22
Olio Di Oliva Extravergine,10,,702901_2,OLIO DI OLIVA EXTRAVERGINE,10,899
"Aglio, Fresco",1,,301_1,"AGLIO, fresco",1,45
"Origano, Secco Macinato","0,1",,8012_1,"ORIGANO, secco macinato","0,1",408
Sale Da Cucina,"0,3",,8021_1,SALE da cucina,"0,3",0
Pepe Nero,"0,1",,999964_1,PEPE NERO,"0,1",270
Analisi per porzione,"191,5",,,CALCOLI BDA 100g,192,113
Analisi per 100 g,100,,,,,
,,,,,,
Bistecca di cavallo ai ferri,,,,,,
"Cavallo, Senza Grasso Visibile",100,,1020_2,"CAVALLO, senza grasso visibile",100,145
Olio Di Oliva Extravergine,10,,702901_2,OLIO DI OLIVA EXTRAVERGINE,10,899
Sale Da Cucina,"0,3",,8021_1,SALE da cucina,"0,3",0
Erbe Aromatiche (FOGLIE),2,,100284_1,ERBE AROMATICHE (FOGLIE),2,88
Pepe Nero,"0,1",,999964_1,PEPE NERO,"0,1",270
Analisi per porzione,"112,4",,,CALCOLI BDA 100g,112,211
Analisi per 100 g,100,,,,,
,,,,,,
Bistecca di manzo ai ferri,,,,,,
"Manzo, tagli di carne magra",100,,8520_2,"BOVINO, VITELLONE, 15-18 MESI, TAGLI DI CARNE MAGRA, senza grasso visibile",100,108
Olio Di Oliva Extravergine,10,,702901_2,OLIO DI OLIVA EXTRAVERGINE,10,899
Sale Da Cucina,"0,3",,8021_1,SALE da cucina,"0,3",0
Erbe Aromatiche (FOGLIE),2,,100284_1,ERBE AROMATICHE (FOGLIE),2,88
Pepe Nero,"0,1",,999964_1,PEPE NERO,"0,1",270
Analisi per porzione,"112,4",,,CALCOLI BDA 100g,112,178
Analisi per 100 g,100,,,CALCOLI Michele 100g,,178
,,,,,,
Bollito magro a cubettini freddo con extravergine,,,,,,
"Bovino, Vitellone, 15-18 Mesi, Tagli Di Carne Magra, Senza Grasso Visibile",100,,8520_2,"BOVINO, VITELLONE, 15-18 MESI, TAGLI DI CARNE MAGRA, senza grasso visibile",100,108
"Prezzemolo, Fresco",2,,338_1,"PREZZEMOLO, fresco",2,30
Olio Di Oliva Extravergine,10,,702901_2,OLIO DI OLIVA EXTRAVERGINE,10,899
Analisi per porzione,112,,,CALCOLI BDA 100g,112,177
Analisi per 100 g,100,,,,,
,,,,,,
Bollito misto,,,,,,
"Bovino, Vitellone, 15-18 Mesi, Tagli Di Carne Magra, Senza Grasso Visibile",30,,8520_2,"BOVINO, VITELLONE, 15-18 MESI, TAGLI DI CARNE MAGRA, senza grasso visibile",30,108
"Bovino, Vitellone, 15-18 Mesi, Pancia, Biancostato, Punta Di Petto, Senza Grasso Visibile",30,,8663_2,"BOVINO, VITELLONE, 15-18 MESI, pancia, biancostato, punta di petto, senza grasso visibile",30,171
"Bovino, Lingua",20,,1205_2,"BOVINO, LINGUA",20,232
Gallina,20,,1087_2,GALLINA,20,194
Sale Da Cucina,"0,3",,8021_1,SALE da cucina,"0,3",0
Analisi per porzione,"100,3",,,CALCOLI BDA 100g,"100,3","168,39"
Analisi per 100 g,100,,,,,
,,,,,,
,,,,,,
"Bollito, tagli magri",,,,,,
"Bovino, Vitellone, 15-18 Mesi, Noce, Senza Grasso Visibile",100,,8658_2,"BOVINO, VITELLONE, 15-18 MESI, noce, senza grasso visibile",100,106
Sale Da Cucina,"0,3",,8021_1,SALE da cucina,"0,3",0
Analisi per porzione,"100,3",,,CALCOLI BDA 100g,100,106
Analisi per 100 g,100,,,,,
,,,,,,
Brasato,,,,,,
"Manzo, tagli di carne magra",100,,8520_2,"BOVINO, VITELLONE, 15-18 MESI, TAGLI DI CARNE MAGRA, senza grasso visibile",100,108
Carote,20,,312_1,CAROTE,20,39
Cipolle,25,,322_1,CIPOLLE,25,28
Sedano,5,,343_1,SEDANO,5,23
Burro,5,,1900_2,BURRO,5,758
"Alloro, Secco","0,5",,8004_1,"ALLORO, secco","0,5",341
Cannella,"0,1",,100207_1,CANNELLA,"0,1",301
"Aglio, Fresco",5,,301_1,"AGLIO, fresco",5,45
Pepe Nero,"0,1",,999964_1,PEPE NERO,"0,1",270
"Rosmarino, Fresco","0,5",,8013_1,"ROSMARINO, fresco","0,5",111
Sale Da Cucina,"0,3",,8021_1,SALE da cucina,"0,3",0
Analisi per porzione,"161,5",,,CALCOLI BDA 100g,162,103
Analisi per 100 g,100,,,,,
,,,,,,
"Bresaola condita (pomodorini, rucola, scaglie di grana, limone e olio)",,,,,,
Bresaola,50,,100061_2,BRESAOLA,50,151
Olio Di Oliva Extravergine,10,,702901_2,OLIO DI OLIVA EXTRAVERGINE,10,899
Parmigiano,10,,1726_2,PARMIGIANO,10,387
Rucola,10,,700169_1,RUCOLA,10,28
Succo Di Limone,7,,608533_2,SUCCO DI LIMONE,7,28
Pomodori Da Insalata,10,,391_1,POMODORI DA INSALATA,10,19
Analisi per porzione,97,,,CALCOLI BDA 100g,97,217
Analisi per 100 g,100,,,,,
,,,,,,
"Broccoli lessati o al vapore, conditi con extravergine",,,,,,
Broccolo A Testa,200,,309_1,BROCCOLO A TESTA,200,33
Olio Di Oliva Extravergine,10,,702901_2,OLIO DI OLIVA EXTRAVERGINE,10,899
Sale Da Cucina,"0,3",,8021_1,SALE da cucina,"0,3",0
Analisi per porzione,"210,3",,,CALCOLI BDA 100g,210,74
Analisi per 100 g,100,,,,,
,,,,,,
Bruschetta,,,,,,
Pane casereccio a fette,50,,30_1,"PANE, TIPO 1, pezzatura > 500g",50,275
Olio Di Oliva Extravergine,10,,702901_2,OLIO DI OLIVA EXTRAVERGINE,10,899
Sale Da Cucina,"0,3",,8021_1,SALE da cucina,"0,3",0
"Origano, Secco Macinato",1,,8012_1,"ORIGANO, secco macinato",1,408
Analisi per porzione,"61,3",,,CALCOLI BDA 100g,61,378
Analisi per 100 g,100,,,,,
,,,,,,
Caffelatte (parz. screm.),,,,,,
Latte parzialmente scremato ,125,,1603_2,"LATTE DI VACCA, PARZIALMENTE SCREMATO PASTORIZZATO",125,46
"Caffe' Moka, In Tazza",30,,700796_2,"CAFFE' MOKA, in tazza",30,2
Analisi per porzione,155,,,CALCOLI BDA 100g,155,37
Analisi per 100 g,100,,,,,
,,,,,,
"Caffè ""marocchino""",,,,,,
Caffè,30,,700796_2,"CAFFE' MOKA, in tazza",30,2
Latte intero,10,,1602_2,"LATTE DI VACCA, INTERO PASTORIZZATO",10,64
"Cacao Amaro, In Polvere",5,,3000_2,"CACAO AMARO, in polvere",5,413
Analisi per porzione,45,,,CALCOLI BDA 100g,45,61
Analisi per 100 g,100,,,,,
,,,,,,
Caffè macchiato,,,,,,
Caffè espresso,30,,9031_2,"CAFFE' BAR, in tazza",30,2
Latte intero,8,,1602_2,"LATTE DI VACCA, INTERO PASTORIZZATO",8,64
Analisi per porzione,38,,,CALCOLI BDA 100g,38,15
Analisi per 100 g,100,,,,,
,,,,,,
Cappuccino senza zucchero,,,,,,
Latte intero,125,,1602_2,"LATTE DI VACCA, INTERO PASTORIZZATO",125,64
"Caffe' Moka, In Tazza",40,,700796_2,"CAFFE' MOKA, in tazza",40,2
Analisi per porzione,165,,,CALCOLI BDA 100g,165,49
Analisi per 100 g,100,,,,,
,,,,,,
Caprese,,,,,,
Mozzarella (vaccina),100,,1718_2,MOZZARELLA DI VACCA,100,253
Pomodori Da Insalata,200,,391_1,POMODORI DA INSALATA,200,19
"Basilico, Fresco",2,,8001_1,"BASILICO, fresco",2,49
Olio Di Oliva Extravergine,10,,702901_2,OLIO DI OLIVA EXTRAVERGINE,10,899
Sale Da Cucina,"0,3",,8021_1,SALE da cucina,"0,3",0
Pepe Nero,"0,1",,999964_1,PEPE NERO,"0,1",270
Analisi per porzione,"312,4",,,CALCOLI BDA 100g,312,122
Analisi per 100 g,100,,,,,
,,,,,,
Carciofi in padella con aglio e prezzemolo,,,,,,
Carciofi,200,,310_1,CARCIOFI,200,33
Olio Di Oliva Extravergine,10,,702901_2,OLIO DI OLIVA EXTRAVERGINE,10,899
Sale Da Cucina,"0,3",,8021_1,SALE da cucina,"0,3",0
"Aglio, Fresco",5,,301_1,"AGLIO, fresco",5,45
"Prezzemolo, Fresco",3,,338_1,"PREZZEMOLO, fresco",3,30
Analisi per porzione,"218,3",,,CALCOLI BDA 100g,218,73
Analisi per 100 g,100,,,,,
,,,,,,
"Carciofi, in pinzimonio",,,,,,
Carciofi,200,,310_1,CARCIOFI,200,33
Olio Di Oliva Extravergine,10,,702901_2,OLIO DI OLIVA EXTRAVERGINE,10,899
Sale Da Cucina,"0,3",,8021_1,SALE da cucina,"0,3",0
Analisi per porzione,"210,3",,,CALCOLI BDA 100g,210,74
Analisi per 100 g,100,,,,,
,,,,,,
"Carote alla julienne, con olio e limone",,,,,,
Carote,200,,312_1,CAROTE,200,39
Olio Di Oliva Extravergine,10,,702901_2,OLIO DI OLIVA EXTRAVERGINE,10,899
Limone,5,,413_2,LIMONE,5,15
Sale Da Cucina,"0,3",,8021_1,SALE da cucina,"0,3",0
Analisi per porzione,"215,3",,,CALCOLI BDA 100g,215,78
Analisi per 100 g,100,,,,,
,,,,,,
"Carote lessate o al vapore, con extravergine",,,,,,
Carote,200,,312_1,CAROTE,200,39
Olio Di Oliva Extravergine,10,,702901_2,OLIO DI OLIVA EXTRAVERGINE,10,899
Sale Da Cucina,"0,3",,8021_1,SALE da cucina,"0,3",0
Analisi per porzione,"210,3",,,CALCOLI BDA 100g,210,80
Analisi per 100 g,100,,,,,
,,,,,,
Carpaccio di manzo condito con scaglie di parmigiano e rucola,,,,,,
"Manzo, tagli di carne magra",100,,8520_2,"BOVINO, VITELLONE, 15-18 MESI, TAGLI DI CARNE MAGRA, senza grasso visibile",100,108
Parmigiano,15,,1726_2,PARMIGIANO,15,387
Olio Di Oliva,10,,901_2,OLIO DI OLIVA,10,900
Rucola,10,,700169_1,RUCOLA,10,28
Pepe Nero,"0,1",,999964_1,PEPE NERO,"0,1",270
Sale Da Cucina,"0,3",,8021_1,SALE da cucina,"0,3",0
Analisi per porzione,"135,4",,,CALCOLI BDA 100g,135,191
Analisi per 100 g,100,,,,,
,,,,,,
"Carpaccio di pesce spada, condito",,,,,,
Pesce Spada,150,,100110_2,PESCE SPADA,150,109
Olio Di Oliva Extravergine,10,,702901_2,OLIO DI OLIVA EXTRAVERGINE,10,899
Limone,10,,413_2,LIMONE,10,15
"Prezzemolo, Fresco",4,,338_1,"PREZZEMOLO, fresco",4,30
Sale Da Cucina,"0,3",,8021_1,SALE da cucina,"0,3",0
Pepe Nero,"0,1",,999964_1,PEPE NERO,"0,1",270
Analisi per porzione,"174,4",,,CALCOLI BDA 100g,174,147
Analisi per 100 g,100,,,,,
,,,,,,
"Carpaccio di spigola o branzino, condito",,,,,,
Spigola Ica,150,,1323_2,SPIGOLA ICA,150,82
Olio Di Oliva Extravergine,10,,702901_2,OLIO DI OLIVA EXTRAVERGINE,10,899
Limone,10,,413_2,LIMONE,10,15
"Prezzemolo, Fresco",4,,338_1,"PREZZEMOLO, fresco",4,30
Sale Da Cucina,"0,3",,8021_1,SALE da cucina,"0,3",0
Pepe Nero,"0,1",,999964_1,PEPE NERO,"0,1",270
Analisi per porzione,"174,4",,,CALCOLI BDA 100g,174,124
Analisi per 100 g,100,,,,,
,,,,,,
"Cavolfiore lessato o al vapore, con extravergine",,,,,,
Cavolfiore,200,,313_1,CAVOLFIORE,200,30
Olio Di Oliva Extravergine,10,,702901_2,OLIO DI OLIVA EXTRAVERGINE,10,899
Sale Da Cucina,"0,3",,8021_1,SALE da cucina,"0,3",0
Analisi per porzione,"210,3",,,CALCOLI BDA 100g,210,71
Analisi per 100 g,100,,,,,
,,,,,,
"Cavolini di Bruxelles lessati o al vapore, con extravergine",,,,,,
Cavoli Di Bruxelles,200,,315_1,CAVOLI DI BRUXELLES,200,48
Sale Da Cucina,"0,3",,8021_1,SALE da cucina,"0,3",0
Olio Di Oliva Extravergine,10,,702901_2,OLIO DI OLIVA EXTRAVERGINE,10,899
Analisi per porzione,"210,3",,,CALCOLI BDA 100g,210,88
Analisi per 100 g,100,,,,,
,,,,,,
"Cavolo cappuccio in insalata, tagliato finemente, con extravergne",,,,,,
Cavolo Cappuccio Verde,80,,317_1,CAVOLO CAPPUCCIO ROSSO,80,22
Olio Di Oliva Extravergine,10,,702901_2,OLIO DI OLIVA EXTRAVERGINE,10,899
Aceto,5,,100205_1,ACETO,5,4
Sale Da Cucina,"0,3",,8021_1,SALE da cucina,"0,3",0
Pepe Nero,"0,1",,999964_1,PEPE NERO,"0,1",270
Analisi per porzione,"95,4",,,CALCOLI BDA 100g,95,113
Analisi per 100 g,100,,,,,
,,,,,,
Ceci in umido con sugo al pomodoro,,,,,,
"Ceci, Secchi",50,,201_1,"CECI, secchi",50,363
Passata di pomodoro,70,,3001_1,PASSATA DI POMODORO,60,36
Olio Di Oliva Extravergine,10,,702901_2,OLIO DI OLIVA EXTRAVERGINE,10,899
Cipolle,17,,322_1,CIPOLLE,17,28
"Prezzemolo, Fresco",3,,338_1,"PREZZEMOLO, fresco",3,30
Sale Da Cucina,"0,3",,8021_1,SALE da cucina,"0,3",0
Pepe Nero,"0,1",,999964_1,PEPE NERO,"0,1",270
Analisi per porzione,"150,4",,,CALCOLI BDA 100g,140,213
Analisi per 100 g,100,,,,,
,,,,,,
Cicoria o catalogna cotta e condita,,,,,,
Cicoria Catalogna,200,,100171_1,CICORIA CATALOGNA,200,30
Olio Di Oliva Extravergine,10,,702901_2,OLIO DI OLIVA EXTRAVERGINE,10,899
Pepe Nero,"0,1",,999964_1,PEPE NERO,"0,1",270
Sale Da Cucina,"0,3",,8021_1,SALE da cucina,"0,3",0
Analisi per porzione,"210,4",,,CALCOLI BDA 100g,210,71
Analisi per 100 g,100,,,,,
,,,,,,
,,,,,,
Cime di Rapa,200,,308_1,BROCCOLETTI DI RAPE,200,28
Olio Di Oliva Extravergine,10,,702901_2,OLIO DI OLIVA EXTRAVERGINE,10,899
Sale Da Cucina,"0,3",,8021_1,SALE da cucina,"0,3",0
Analisi per porzione,"210,3",,,CALCOLI BDA 100g,"210,3",69
Analisi per 100 g,100,,,,,
,,,,,,
Cioccolata calda,,,,,,
Latte intero,125,,1602_2,"LATTE DI VACCA, INTERO PASTORIZZATO",125,64
"Cacao Amaro, In Polvere",7,,3000_2,"CACAO AMARO, in polvere",7,413
"Patate, Fecola",4,,3002_1,"PATATE, FECOLA",4,349
Zucchero (Saccarosio),7,,2021_1,ZUCCHERO (Saccarosio),7,392
Analisi per porzione,143,,,CALCOLI BDA 100g,143,105
Analisi per 100 g,100,,,,,
,,,,,,
Cipolle al forno,,,,,,
Cipolle,200,,322_1,CIPOLLE,200,28
Olio Di Oliva Extravergine,10,,702901_2,OLIO DI OLIVA EXTRAVERGINE,10,899
Sale Da Cucina,"0,3",,8021_1,SALE da cucina,"0,3",0
Pepe Nero,"0,1",,999964_1,PEPE NERO,"0,1",270
Erbe Aromatiche (FOGLIE),1,,100284_1,ERBE AROMATICHE (FOGLIE),1,88
Analisi per porzione,"211,4",,,CALCOLI BDA 100g,211,70
Analisi per 100 g,100,,,,,
,,,,,,
"Cipolle lessate, condite con extravergine ",,,,,,
Cipolle,200,,322_1,CIPOLLE,200,28
"Prezzemolo, Fresco",3,,338_1,"PREZZEMOLO, fresco",3,30
Olio Di Oliva Extravergine,10,,702901_2,OLIO DI OLIVA EXTRAVERGINE,10,899
Sale Da Cucina,"0,3",,8021_1,SALE da cucina,"0,3",0
Pepe Nero,"0,1",,999964_1,PEPE NERO,"0,1",270
Analisi per porzione,"213,4",,,CALCOLI BDA 100g,213,69
Analisi per 100 g,100,,,,,
,,,,,,
Coniglio arrosto,,,,,,
"Coniglio, Carne Semigrassa",100,,1082_2,"CONIGLIO, CARNE SEMIGRASSA",100,138
Olio Di Oliva Extravergine,10,,702901_2,OLIO DI OLIVA EXTRAVERGINE,10,899
Pancetta Di Maiale,5,,1903_2,PANCETTA DI MAIALE,5,661
"Rosmarino, Fresco",2,,8013_1,"ROSMARINO, fresco",2,111
Sale Da Cucina,"0,3",,8021_1,SALE da cucina,"0,3",0
Pepe Nero,"0,1",,999964_1,PEPE NERO,"0,1",270
Analisi per porzione,"117,4",,,CALCOLI BDA 100g,117,224
Analisi per 100 g,100,,,,,
,,,,,,
Coscia di pollo arrosto (con pelle),,,,,,
"Pollo, Fuso (COSCIA), Con Pelle",100,,8685_2,"POLLO, FUSO (COSCIA), con pelle",100,125
Erbe Aromatiche (FOGLIE),1,,100284_1,ERBE AROMATICHE (FOGLIE),1,88
Olio Di Oliva Extravergine,10,,702901_2,OLIO DI OLIVA EXTRAVERGINE,10,899
Sale Da Cucina,"0,3",,8021_1,SALE da cucina,"0,3",0
Analisi per porzione,"111,3",,,CALCOLI BDA 100g,111,194
Analisi per 100 g,100,,,,,
,,,,,,
Coscia di pollo arrosto (senza pelle),,,,,,
"Pollo, Fuso (COSCIA), Senza Pelle",100,,8686_2,"POLLO, FUSO (COSCIA), senza pelle",100,107
Erbe Aromatiche (FOGLIE),1,,100284_1,ERBE AROMATICHE (FOGLIE),1,88
Olio Di Oliva Extravergine,10,,702901_2,OLIO DI OLIVA EXTRAVERGINE,10,899
Sale Da Cucina,"0,3",,8021_1,SALE da cucina,"0,3",0
Analisi per porzione,"111,3",,,CALCOLI BDA 100g,111,178
Analisi per 100 g,100,,,,,
,,,,,,
,,,,,,
Coscia di tacchino al forno,,,,,,
"Tacchino, coscia",100,,8699_2,"TACCHINO, FUSO (COSCIA), con pelle",100,126
Olio Di Oliva Extravergine,10,,702901_2,OLIO DI OLIVA EXTRAVERGINE,10,899
Sale Da Cucina,"0,3",,8021_1,SALE da cucina,"0,3",0
Erbe Aromatiche (FOGLIE),1,,100284_1,ERBE AROMATICHE (FOGLIE),1,88
Analisi per porzione,"111,3",,,CALCOLI BDA 100g,111,195
Analisi per 100 g,100,,,,,
,,,,,,
Coste o biete lessate con extravergine,,,,,,
Coste o biete lessate con extravergine,200,,307_1,BIETA,200,19
Olio Di Oliva Extravergine,10,,702901_2,OLIO DI OLIVA EXTRAVERGINE,10,899
Sale Da Cucina,"0,3",,8021_1,SALE da cucina,"0,3",0
Analisi per porzione,"210,3",,,CALCOLI BDA 100g,210,61
Analisi per 100 g,100,,,,,
,,,,,,
Costine di maiale ai ferri,,,,,,
"Suino, Carne Grassa, Senza Grasso Visibile",100,,1041_2,"SUINO, CARNE GRASSA, senza grasso visibile",100,268
Sale Da Cucina,"0,3",,8021_1,SALE da cucina,"0,3",0
Analisi per porzione,"100,3",,,CALCOLI BDA 100g,100,267
Analisi per 100 g,100,,,,,
,,,,,,
Cotoletta alla milanese,,,,,,
"Bovino, Vitello, 4 Mesi, Carne Magra, Senza Grasso Visibile",100,,1006_2,"BOVINO, VITELLO, 4 MESI, CARNE MAGRA, senza grasso visibile",100,92
Pane Grattugiato,13,,35_1,PANE GRATTUGIATO,13,361
"Uovo Di Gallina, Intero",25,,1800_2,"UOVO DI GALLINA, INTERO",25,128
Sale Da Cucina,"0,3",,8021_1,SALE da cucina,"0,3",0
Burro,15,,1900_2,BURRO,15,758
Analisi per porzione,"153,3",,,CALCOLI BDA 100g,153,186
Analisi per 100 g,100,,,,,
,,,,,,
Crema di ceci ,,,,,,
"Ceci, Secchi",50,,201_1,"CECI, secchi",50,363
Brodo Di Carne E Verdura,125,,9040_1,BRODO DI CARNE E VERDURA,125,5
Olio Di Oliva Extravergine,10,,702901_2,OLIO DI OLIVA EXTRAVERGINE,10,899
Cipolle,30,,322_1,CIPOLLE,30,28
Pepe Nero,"0,1",,999964_1,PEPE NERO,"0,1",270
Analisi per porzione,"215,1",,,CALCOLI BDA 100g,215,133
Analisi per 100 g,100,,,,,
,,,,,,
Crema di fagioli cannellini ,,,,,,
"Fagioli, Secchi",50,,202_1,"FAGIOLI, secchi",50,345
Brodo Di Carne E Verdura,125,,9040_1,BRODO DI CARNE E VERDURA,125,5
Olio Di Oliva Extravergine,10,,702901_2,OLIO DI OLIVA EXTRAVERGINE,10,899
Cipolle,30,,322_1,CIPOLLE,30,28
Pepe Nero,"0,1",,999964_1,PEPE NERO,"0,1",270
Analisi per porzione,"215,1",,,CALCOLI BDA 100g,215,129
Analisi per 100 g,100,,,,,
,,,,,,
Crema di piselli,,,,,,
Piselli Surgelati,150,,100142_1,PISELLI SURGELATI,150,70
Brodo Di Carne E Verdura,125,,9040_1,BRODO DI CARNE E VERDURA,125,5
Cipolle,30,,322_1,CIPOLLE,30,28
Olio Di Oliva Extravergine,10,,702901_2,OLIO DI OLIVA EXTRAVERGINE,10,899
Pepe Nero,"0,1",,999964_1,PEPE NERO,"0,1",270
"Prezzemolo, Fresco","0,5",,338_1,"PREZZEMOLO, fresco","0,5",30
Parmigiano,5,,1726_2,PARMIGIANO,5,387
Analisi per porzione,"320,6",,,CALCOLI BDA 100g,321,72
Analisi per 100 g,100,,,,,
,,,,,,
Crema di piselli con patate,,,,,,
Brodo Di Carne E Verdura,125,,9040_1,BRODO DI CARNE E VERDURA,125,5
Piselli Surgelati,150,,100142_1,PISELLI SURGELATI,150,70
Patate,70,,381_1,PATATE,70,80
Cipolle,30,,322_1,CIPOLLE,30,28
Olio Di Oliva Extravergine,10,,702901_2,OLIO DI OLIVA EXTRAVERGINE,10,899
"Prezzemolo, Fresco",2,,338_1,"PREZZEMOLO, fresco",2,30
Parmigiano,5,,1726_2,PARMIGIANO,5,387
Pepe Nero,"0,1",,999964_1,PEPE NERO,"0,1",270
Analisi per porzione,"392,1",,,CALCOLI BDA 100g,"392,1",73
Analisi per 100 g,100,,,,,
,,,,,,
Crema di zucca,,,,,,
Zucca Gialla,200,,347_1,ZUCCA GIALLA,200,19
Brodo Di Carne E Verdura,125,,9040_1,BRODO DI CARNE E VERDURA,125,5
Cipolle,30,,322_1,CIPOLLE,30,28
Olio Di Oliva Extravergine,10,,702901_2,OLIO DI OLIVA EXTRAVERGINE,10,899
Pepe Nero,"0,1",,999964_1,PEPE NERO,"0,1",270
"Salvia, Fresca",2,,8015_1,"SALVIA, fresca",2,145
Parmigiano,5,,1726_2,PARMIGIANO,5,387
Analisi per porzione,"372,1",,,CALCOLI BDA 100g,"372,1",44
Analisi per 100 g,100,,,,,
,,,,,,
Crema porri e patate,,,,,,
Brodo Di Carne E Verdura,125,,9040_1,BRODO DI CARNE E VERDURA,125,5
Porri,100,,337_1,PORRI,100,35
Patate,200,,381_1,PATATE,200,80
Cipolle,30,,322_1,CIPOLLE,30,28
Olio Di Oliva Extravergine,10,,702901_2,OLIO DI OLIVA EXTRAVERGINE,10,899
Pepe Nero,"0,1",,999964_1,PEPE NERO,"0,1",270
"Prezzemolo, Fresco",1,,338_1,"PREZZEMOLO, fresco",1,30
"Salvia, Fresca",2,,8015_1,"SALVIA, fresca",2,145
Parmigiano,5,,1726_2,PARMIGIANO,5,387
Analisi per porzione,"473,1",,,CALCOLI BDA 100g,"473,1",68
Analisi per 100 g,100,,,,,
,,,,,,
Crostata alla marmellata ,,,,,,
"Farina Di Frumento, Tipo 00",25,,12_1,"FARINA DI FRUMENTO, TIPO 00",25,348
Burro,13,,1900_2,BURRO,13,758
Zucchero (Saccarosio),11,,2021_1,ZUCCHERO (Saccarosio),11,392
"Uovo Di Gallina, Tuorlo",19,,1802_2,"UOVO DI GALLINA, TUORLO",19,325
Marmellata ,32,,100191_1,"MARMELLATA (ALBIC.,FICHI,MELE COT.,PESCHE, PRUGNE)",32,214
Analisi per porzione,100,,,CALCOLI BDA 100g,100,359
Analisi per 100 g,100,,,,,
,,,,,,
Fagioli all'uccelletto ,,,,,,
"Fagioli, Secchi",50,,202_1,"FAGIOLI, secchi",50,345
Olio Di Oliva Extravergine,10,,702901_2,OLIO DI OLIVA EXTRAVERGINE,10,899
"Aglio, Fresco",5,,301_1,"AGLIO, fresco",5,45
Passata di pomodoro,70,,3001_1,PASSATA DI POMODORO,70,36
Sale Da Cucina,"0,3",,8021_1,SALE da cucina,"0,3",0
Pepe Nero,"0,1",,999964_1,PEPE NERO,"0,1",270
"Salvia, Fresca",2,,8015_1,"SALVIA, fresca",2,145
Analisi per porzione,"137,4",,,CALCOLI BDA 100g,"137,4",213
Analisi per 100 g,100,,,,,
,,,,,,
Fagioli con nervetti,,,,,,
"Fagioli, Secchi",50,,202_1,"FAGIOLI, secchi",50,345
Nervetti (bovino),50,,1100_2,NERVETTI (bovino),50,85
Olio Di Oliva Extravergine,10,,702901_2,OLIO DI OLIVA EXTRAVERGINE,10,899
Analisi per porzione,110,,,CALCOLI BDA 100g,110,277
Analisi per 100 g,100,,,,,
,,,,,,
Fagioli in umido con sugo al pomodoro,,,,,,
"Fagioli, Secchi",50,,202_1,"FAGIOLI, secchi",50,345
Olio Di Oliva Extravergine,10,,702901_2,OLIO DI OLIVA EXTRAVERGINE,10,899
Cipolle,15,,322_1,CIPOLLE,15,28
Passata di pomodoro,70,,3001_1,PASSATA DI POMODORO,70,36
"Prezzemolo, Fresco",2,,338_1,"PREZZEMOLO, fresco",2,30
Sale Da Cucina,"0,3",,8021_1,SALE da cucina,"0,3",0
Pepe Nero,"0,1",,999964_1,PEPE NERO,"0,1",270
Analisi per porzione,"147,4",,,CALCOLI BDA 100g,"147,4",199
Analisi per 100 g,100,,,,,
,,,,,,
Fagiolini in padella,,,,,,
Cornetti o fagiolini,200,,101_1,FAGIOLINI,200,24
Olio Di Oliva Extravergine,10,,702901_2,OLIO DI OLIVA EXTRAVERGINE,10,899
Brodo Di Carne E Verdura,50,,9040_1,BRODO DI CARNE E VERDURA,50,5
"Aglio, Fresco",5,,301_1,"AGLIO, fresco",5,45
"Prezzemolo, Fresco",2,,338_1,"PREZZEMOLO, fresco",2,30
Analisi per porzione,267,,,CALCOLI BDA 100g,267,54
Analisi per 100 g,100,,,,,
,,,,,,
,,,,,,
Fagiolini lessati e conditi,,,,,,
Cornetti o fagiolini,200,,101_1,FAGIOLINI,200,24
Olio Di Oliva Extravergine,10,,702901_2,OLIO DI OLIVA EXTRAVERGINE,10,899
Sale Da Cucina,"0,3",,8021_1,SALE da cucina,"0,3",0
Pepe Nero,"0,1",,999964_1,PEPE NERO,"0,1",270
Analisi per porzione,"210,4",,,CALCOLI BDA 100g,"210,4",66
Analisi per 100 g,100,,,,,
,,,,,,
Farro bollito condito con extravergine,,,,,,
Farro,80,,8603_2,FARRO,80,353
Olio Di Oliva Extravergine,10,,702901_2,OLIO DI OLIVA EXTRAVERGINE,10,899
Sale Da Cucina,"0,3",,8021_1,SALE da cucina,"0,3",0
Analisi per porzione,"90,3",,,CALCOLI BDA 100g,"90,3",412
Analisi per 100 g,100,,,,,
,,,,,,
Fegato alla veneta,,,,,,
"Bovino, Fegato",100,,1204_2,"BOVINO, FEGATO",100,142
Burro,10,,1900_2,BURRO,10,758
"Farina Di Frumento, Tipo 00",4,,12_1,"FARINA DI FRUMENTO, TIPO 00",4,348
Cipolle,40,,322_1,CIPOLLE,40,28
Sale Da Cucina,"0,3",,8021_1,SALE da cucina,"0,3",0
Pepe Nero,"0,1",,999964_1,PEPE NERO,"0,1",270
Analisi per porzione,"154,4",,,CALCOLI BDA 100g,"154,4",158
Analisi per 100 g,100,,,,,
,,,,,,
"Filetti di merluzzo con pomodori, olive e capperi",,,,,,
Merluzzo,150,,1313_2,MERLUZZO,150,71
Cipolle,15,,322_1,CIPOLLE,15,28
Olive Nere,15,,592_1,OLIVE NERE,15,240
Pomodori Maturi,150,,390_1,POMODORI MATURI,150,21
"Aglio, Fresco",5,,301_1,"AGLIO, fresco",5,45
Olio Di Oliva Extravergine,10,,702901_2,OLIO DI OLIVA EXTRAVERGINE,10,899
"Basilico, Fresco",3,,8001_1,"BASILICO, fresco",3,49
Sale Da Cucina,"0,3",,8021_1,SALE da cucina,"0,3",0
Pepe Nero,"0,1",,999964_1,PEPE NERO,"0,1",270
Analisi per porzione,"348,4",,,CALCOLI BDA 100g,"348,4",78
Analisi per 100 g,100,,,,,
,,,,,,
Filetto di manzo ai ferri,,,,,,
"Bovino, Vitellone, 15-18 Mesi, Filetto, Senza Grasso Visibile",100,,8655_2,"BOVINO, VITELLONE, 15-18 MESI, filetto, senza grasso visibile",100,127
Olio Di Oliva Extravergine,10,,702901_2,OLIO DI OLIVA EXTRAVERGINE,10,899
Sale Da Cucina,"0,3",,8021_1,SALE da cucina,"0,3",0
Pepe Nero,"0,1",,999964_1,PEPE NERO,"0,1",270
Analisi per porzione,"110,4",,,CALCOLI BDA 100g,"110,4",197
Analisi per 100 g,100,,,,,
,,,,,,
Finocchi gratinati,,,,,,
Finocchio,200,,324_1,FINOCCHIO,200,13
Burro,10,,1900_2,BURRO,10,758
Besciamella,"67,93478261",,1603_2,"LATTE DI VACCA, PARZIALMENTE SCREMATO, PASTORIZZATO",68,46
Besciamella,"4,076086957",,1900_2,BURRO,4,758
Besciamella,"1,902173913",,11_2,"FARINA DI FRUMENTO, TIPO 0",2,321
Besciamella,"0,9510869565",,8021_1,SALE da cucina,1,0
Besciamella,"0,1358695652",,100217_1,NOCE MOSCATA,0,442
Parmigiano,5,,1726_2,PARMIGIANO,5,387
Sale Da Cucina,"0,3",,8021_1,SALE da cucina,"0,3",0
Analisi per porzione,"240,3",,,CALCOLI BDA 100g,"290,3",65
Analisi per 100 g,100,,,,,
,,,,,,
Finocchi in insalata ,,,,,,
Finocchio,200,,324_1,FINOCCHIO,200,13
Olio Di Oliva Extravergine,10,,702901_2,OLIO DI OLIVA EXTRAVERGINE,10,899
Sale Da Cucina,"0,3",,8021_1,SALE da cucina,"0,3",0
Pepe Nero,"0,1",,999964_1,PEPE NERO,"0,1",270
Analisi per porzione,"210,4",,,CALCOLI BDA 100g,"210,4",55
Analisi per 100 g,100,,,,,
,,,,,,
Finocchi in insalata con arance,,,,,,
Finocchio,150,,324_1,FINOCCHIO,150,13
Arance,50,,404_2,ARANCE,50,37
Olio Di Oliva Extravergine,10,,702901_2,OLIO DI OLIVA EXTRAVERGINE,10,899
Sale Da Cucina,"0,3",,8021_1,SALE da cucina,"0,3",0
Pepe Nero,"0,1",,999964_1,PEPE NERO,"0,1",270
Analisi per porzione,"210,4",,,CALCOLI BDA 100g,"210,4",61
Analisi per 100 g,100,,,,,
,,,,,,
Finocchi in padella,,,,,,
Finocchio,200,,324_1,FINOCCHIO,200,13
Olio Di Oliva Extravergine,10,,702901_2,OLIO DI OLIVA EXTRAVERGINE,10,899
"Aglio, Fresco",2,,301_1,"AGLIO, fresco",2,45
Sale Da Cucina,"0,3",,8021_1,SALE da cucina,"0,3",0
Analisi per porzione,"212,3",,,CALCOLI BDA 100g,"212,3",55
Analisi per 100 g,100,,,,,
,,,,,,
Fragole con gelato fiordilatte,,,,,,
Fragole,150,,411_2,FRAGOLE,150,30
Gelato Fior Di Latte,100,,2010_1,GELATO FIOR DI LATTE,100,218
Analisi per porzione,250,,,CALCOLI BDA 100g,250,105
Analisi per 100 g,100,,,,,
,,,,,,
Fragole zucchero e limone,,,,,,
Fragole,150,,411_2,FRAGOLE,150,30
Zucchero (Saccarosio),5,,2021_1,ZUCCHERO (Saccarosio),5,392
"Succo Di Limone, Fresco",5,,414_2,"SUCCO DI LIMONE, fresco",5,6
Analisi per porzione,160,,,CALCOLI BDA 100g,160,41
Analisi per 100 g,100,,,,,
,,,,,,
Frittata,,,,,,
"Uovo Di Gallina, Intero",50,,1800_2,"UOVO DI GALLINA, INTERO",50,128
Olio Di Oliva Extravergine,5,,702901_2,OLIO DI OLIVA EXTRAVERGINE,5,899
Sale Da Cucina,"0,15",,8021_1,SALE da cucina,"0,15",0
Parmigiano,5,,1726_2,PARMIGIANO,5,387
Analisi per porzione,"60,15",,,CALCOLI BDA 100g,"60,15",213
Analisi per 100 g,100,,,,,
,,,,,,
Frittata con porri,,,,,,
"Uovo Di Gallina, Intero",50,,1800_2,"UOVO DI GALLINA, INTERO",50,128
Porri,40,,337_1,PORRI,40,35
Olio Di Oliva Extravergine,5,,702901_2,OLIO DI OLIVA EXTRAVERGINE,5,899
Sale Da Cucina,"0,15",,8021_1,SALE da cucina,"0,15",0
Parmigiano,5,,1726_2,PARMIGIANO,5,387
Analisi per porzione,"100,15",,,CALCOLI BDA 100g,"100,15",142
Analisi per 100 g,100,,,,,
,,,,,,
Funghi misti trifolati,,,,,,
Funghi Porcini,50,,328_1,FUNGHI PORCINI,50,32
Funghi Chiodini,50,,603552_1,FUNGHI CHIODINI,50,29
Funghi Gallinacci,50,,603554_1,FUNGHI GALLINACCI,50,21
"Funghi Prataioli, Coltivati",50,,329_1,"FUNGHI PRATAIOLI, COLTIVATI",50,23
"Aglio, Fresco",5,,301_1,"AGLIO, fresco",5,45
Olio Di Oliva Extravergine,10,,702901_2,OLIO DI OLIVA EXTRAVERGINE,10,899
"Prezzemolo, Fresco",1,,338_1,"PREZZEMOLO, fresco",1,30
Sale Da Cucina,"0,3",,8021_1,SALE da cucina,"0,3",0
Analisi per porzione,"216,3",,,CALCOLI BDA 100g,"216,3",67
Analisi per 100 g,100,,,,,
,,,,,,
Gelato alle creme,,,,,,
Gelato Al Cioccolato,50,,19032_1,GELATO AL CIOCCOLATO,50,218
Gelato alla panna,50,,19032_1,GELATO AL CIOCCOLATO,50,218
Analisi per porzione,100,,,CALCOLI BDA 100g,100,218
Analisi per 100 g,100,,,,,
,,,,,,
Gnocchi di patate al gorgonzola,,,,,,
Gnocchi freschi di patate,146,,381_1,PATATE,146,80
Gnocchi freschi di patate,44,,12_2,"FARINA DI FRUMENTO, TIPO 00",44,323
Gnocchi freschi di patate,9,,1800_2,"UOVO DI GALLINA, INTERO",9,128
Gnocchi freschi di patate,1,,8021_1,SALE da cucina,1,0
Gorgonzola,45,,1713_2,GORGONZOLA,45,324
Parmigiano,10,,1726_2,PARMIGIANO,10,387
"Latte Di Vacca, Intero Pastorizzato",13,,1602_2,"LATTE DI VACCA, INTERO PASTORIZZATO",13,64
Burro,5,,1900_2,BURRO,5,758
"Panna, 20% Di Lipidi (da Cucina)",12,,1905_2,"PANNA, 20% di lipidi (da cucina)",12,206
Pepe Nero,"0,1",,999964_1,PEPE NERO,"0,1",270
Analisi per porzione,"235,4",,,CALCOLI BDA 100g,285,236
Analisi per 100 g,100,,,,,
,,,,,,
Gnocchi di patate al pesto,,,,,,
Gnocchi freschi di patate,146,,381_1,PATATE,146,80
Gnocchi freschi di patate,44,,12_2,"FARINA DI FRUMENTO, TIPO 00",44,323
Gnocchi freschi di patate,9,,1800_2,"UOVO DI GALLINA, INTERO",9,128
Gnocchi freschi di patate,1,,8021_1,SALE da cucina,1,0
Pesto,6,,8001_1,"BASILICO, fresco",6,49
Pesto,6,,702901_2,OLIO DI OLIVA EXTRAVERGINE,6,899
Pesto,6,,100166_2,OLIO DI SEMI DI ARACHIDI,6,900
Pesto,3,,100020_2,PECORINO DA GRATTUGIARE,3,379
Pesto,8,,1726_2,PARMIGIANO,8,387
Pesto,2,,512_2,PINOLI,2,604
Pesto,1,,301_1,"AGLIO, fresco",1,45
Analisi per porzione,180,,,CALCOLI BDA 100g,230,207
Analisi per 100 g,100,,,,,
,,,,,,
,,,,,,
Gnocchi di patate al pomodoro,,,,,,
Gnocchi freschi di patate,146,,381_1,PATATE,146,80
Gnocchi freschi di patate,44,,12_2,"FARINA DI FRUMENTO, TIPO 00",44,323
Gnocchi freschi di patate,9,,1800_2,"UOVO DI GALLINA, INTERO",9,128
Gnocchi freschi di patate,1,,8021_1,SALE da cucina,1,0
Olio Di Oliva Extravergine,10,,702901_2,OLIO DI OLIVA EXTRAVERGINE,10,899
Cipolle,15,,322_1,CIPOLLE,15,28
Passata di pomodoro,50,,3001_1,PASSATA DI POMODORO,50,36
Parmigiano,5,,1726_2,PARMIGIANO,5,387
Sale Da Cucina,"0,3",,8021_1,SALE da cucina,"0,3",0
Analisi per porzione,"230,3",,,CALCOLI BDA 100g,280,143
Analisi per 100 g,100,,,,,
,,,,,,
,,,,,,
Gnocchi di patate al ragù,,,,,,
Gnocchi freschi di patate,146,,381_1,PATATE,146,80
Gnocchi freschi di patate,44,,12_2,"FARINA DI FRUMENTO, TIPO 00",44,323
Gnocchi freschi di patate,9,,1800_2,"UOVO DI GALLINA, INTERO",9,128
Gnocchi freschi di patate,1,,8021_1,SALE da cucina,1,0
Carne trita scelta,50,,8521_2,"BOVINO, VITELLONE, 15-18 MESI, TAGLI DI CARNE GRASSA, senza grasso visibile",50,155
Carote,15,,312_1,CAROTE,15,39
Cipolle,15,,322_1,CIPOLLE,15,28
Sedano,15,,343_1,SEDANO,15,23
Olio Di Oliva Extravergine,10,,702901_2,OLIO DI OLIVA EXTRAVERGINE,10,899
Passata di pomodoro,60,,3001_1,PASSATA DI POMODORO,60,36
Parmigiano,5,,1726_2,PARMIGIANO,5,387
Sale Da Cucina,"0,3",,8021_1,SALE da cucina,"0,3",0
Pepe Nero,"0,1",,999964_1,PEPE NERO,"0,1",270
Analisi per porzione,"320,4",,,CALCOLI BDA 100g,370,133
Analisi per 100 g,100,,,,,
,,,,,,
,,,,,,
Gnocchi di patate con burro e salvia,,,,,,
Gnocchi freschi di patate,146,,381_1,PATATE,146,80
Gnocchi freschi di patate,44,,12_2,"FARINA DI FRUMENTO, TIPO 00",44,323
Gnocchi freschi di patate,9,,1800_2,"UOVO DI GALLINA, INTERO",9,128
Gnocchi freschi di patate,1,,8021_1,SALE da cucina,1,0
Parmigiano,5,,1726_2,PARMIGIANO,5,387
"Salvia, Fresca",5,,8015_1,"SALVIA, fresca",5,145
Burro,10,,1900_2,BURRO,10,758
Sale Da Cucina,"0,3",,8021_1,SALE da cucina,"0,3",0
Analisi per porzione,"170,3",,,CALCOLI BDA 100g,220,169
Analisi per 100 g,100,,,,,
,,,,,,
Gnocchi di patate olio e parmigiano,,,,,,
Gnocchi freschi di patate,146,,381_1,PATATE,146,80
Gnocchi freschi di patate,44,,12_2,"FARINA DI FRUMENTO, TIPO 00",44,323
Gnocchi freschi di patate,9,,1800_2,"UOVO DI GALLINA, INTERO",9,128
Gnocchi freschi di patate,1,,8021_1,SALE da cucina,1,0
Olio Di Oliva Extravergine,10,,702901_2,OLIO DI OLIVA EXTRAVERGINE,10,899
Parmigiano,5,,1726_2,PARMIGIANO,5,387
Sale Da Cucina,"0,3",,8021_1,SALE da cucina,"0,3",0
Analisi per porzione,"165,3",,,CALCOLI BDA 100g,215,176
Analisi per 100 g,100,,,,,
,,,,,,
,,,,,,
Hamburger di manzo da polpa scelta,,,,,,
Carne trita scelta,100,,8521_2,"BOVINO, VITELLONE, 15-18 MESI, TAGLI DI CARNE GRASSA, senza grasso visibile",100,155
Olio Di Oliva Extravergine,10,,702901_2,OLIO DI OLIVA EXTRAVERGINE,10,899
Sale Da Cucina,"0,3",,8021_1,SALE da cucina,"0,3",0
Analisi per porzione,"110,3",,,CALCOLI BDA 100g,"110,3",222
Analisi per 100 g,100,,,,,
,,,,,,
,,,,,,
Insalata di baccalà con prezzemolo e olive,,,,,,
"Baccala', Ammollato",150,,1507_2,"BACCALA', ammollato",150,95
Olio Di Oliva Extravergine,10,,702901_2,OLIO DI OLIVA EXTRAVERGINE,10,899
Olive Nere,7,,592_1,OLIVE NERE,7,240
"Prezzemolo, Fresco",3,,338_1,"PREZZEMOLO, fresco",3,30
Analisi per porzione,170,,,CALCOLI BDA 100g,170,147
Analisi per 100 g,100,,,,,
,,,,,,
,,,,,,
Insalata di fagioli con cipolle,,,,,,
"Fagioli, Secchi",50,,202_1,"FAGIOLI, secchi",50,345
Cipolle,100,,322_1,CIPOLLE,100,28
Olio Di Oliva Extravergine,10,,702901_2,OLIO DI OLIVA EXTRAVERGINE,10,899
"Prezzemolo, Fresco",2,,338_1,"PREZZEMOLO, fresco",2,30
Sale Da Cucina,"0,3",,8021_1,SALE da cucina,"0,3",0
Analisi per porzione,"162,3",,,CALCOLI BDA 100g,"162,3",179
Analisi per 100 g,100,,,,,
,,,,,,
,,,,,,
Insalata di fagioli e pomodori,,,,,,
"Fagioli, Secchi",50,,202_1,"FAGIOLI, secchi",50,345
Cipolle,18,,322_1,CIPOLLE,18,28
Pomodori Maturi,120,,390_1,POMODORI MATURI,120,21
Olio Di Oliva Extravergine,10,,702901_2,OLIO DI OLIVA EXTRAVERGINE,10,899
Sale Da Cucina,"0,3",,8021_1,SALE da cucina,"0,3",0
Analisi per porzione,"198,3",,,CALCOLI BDA 100g,"198,3",148
Analisi per 100 g,100,,,,,
,,,,,,
,,,,,,
Insalata di farro con verdure a cubetti saltate o grigliate,,,,,,
Farro,80,,8603_2,FARRO,80,353
Melanzane,20,,334_1,MELANZANE,20,20
Zucchine,30,,349_1,ZUCCHINE,30,14
Pomodori Da Insalata,20,,391_1,POMODORI DA INSALATA,20,19
Cipolle,10,,322_1,CIPOLLE,10,28
Peperoni Dolci,20,,336_1,PEPERONI DOLCI,20,26
Olio Di Oliva Extravergine,10,,702901_2,OLIO DI OLIVA EXTRAVERGINE,10,899
Sale Da Cucina,"0,3",,8021_1,SALE da cucina,"0,3",0
"Basilico, Fresco",3,,8001_1,"BASILICO, fresco",3,49
Analisi per porzione,"193,3",,,CALCOLI BDA 100g,"193,3",204
Analisi per 100 g,100,,,,,
,,,,,,
,,,,,,
Insalata di farro riso e orzo con dadini di verdure,,,,,,
Orzo,25,,4_1,"ORZO, PERLATO",25,337
Riso,25,,5_1,"RISO, BRILLATO",25,365
Farro,30,,8603_2,FARRO,30,353
Olio Di Oliva Extravergine,10,,702901_2,OLIO DI OLIVA EXTRAVERGINE,10,899
Zucchine,30,,349_1,ZUCCHINE,30,14
Carote,30,,312_1,CAROTE,30,39
Cetrioli,30,,318_1,CETRIOLI,30,15
Pomodori Maturi,30,,390_1,POMODORI MATURI,30,21
Sale Da Cucina,"0,3",,8021_1,SALE da cucina,"0,3",0
Analisi per porzione,"210,3",,,CALCOLI BDA 100g,"210,3",189
Analisi per 100 g,100,,,,,
,,,,,,
,,,,,,
Insalata di farro riso e orzo con piselli e olio a crudo,,,,,,
"Riso, Brillato",25,,5_1,"RISO, BRILLATO",25,365
Orzo,25,,4_1,"ORZO, PERLATO",25,337
Farro,30,,8603_2,FARRO,30,353
Piselli Surgelati,50,,100142_1,PISELLI SURGELATI,50,70
Olio Di Oliva Extravergine,10,,702901_2,OLIO DI OLIVA EXTRAVERGINE,10,899
Sale Da Cucina,"0,3",,8021_1,SALE da cucina,"0,3",0
Parmigiano,5,,1726_2,PARMIGIANO,5,387
Analisi per porzione,"145,3",,,CALCOLI BDA 100g,"145,3",293
Analisi per 100 g,100,,,,,
,,,,,,
,,,,,,
"Insalata di gamberetti con olio, prezzemolo e limone",,,,,,
Gamberetti,150,,1309_2,GAMBERO,150,71
Olio Di Oliva Extravergine,10,,702901_2,OLIO DI OLIVA EXTRAVERGINE,10,899
"Prezzemolo, Fresco",3,,338_1,"PREZZEMOLO, fresco",3,30
"Succo Di Limone, Fresco",5,,414_2,"SUCCO DI LIMONE, fresco",5,6
Analisi per porzione,168,,,CALCOLI BDA 100g,168,118
Analisi per 100 g,100,,,,,
,,,,,,
,,,,,,
Insalata di mare,,,,,,
Calamaro,40,,1304_2,CALAMARO,40,68
Gamberetti,20,,1309_2,GAMBERO,20,71
Polpo,30,,1316_2,POLPO,30,57
Cozza O Mitilo,20,,1307_2,COZZA o MITILO,20,84
Vongola,20,,1328_2,VONGOLA,20,72
Seppia,20,,1320_2,SEPPIA,20,72
Olio Di Oliva Extravergine,10,,702901_2,OLIO DI OLIVA EXTRAVERGINE,10,899
"Prezzemolo, Fresco",2,,338_1,"PREZZEMOLO, fresco",2,30
"Aglio, Fresco",2,,301_1,"AGLIO, fresco",2,45
Sedano,30,,343_1,SEDANO,30,23
Analisi per porzione,194,,,CALCOLI BDA 100g,"194,0",104
Analisi per 100 g,100,,,,,
,,,,,,
,,,,,,
Insalata di polpo con patate,,,,,,
Polpo,150,,1316_2,POLPO,150,57
Patate,200,,381_1,PATATE,200,80
Olio Di Oliva Extravergine,10,,702901_2,OLIO DI OLIVA EXTRAVERGINE,10,899
"Prezzemolo, Fresco",2,,338_1,"PREZZEMOLO, fresco",2,30
"Succo Di Limone, Fresco",5,,414_2,"SUCCO DI LIMONE, fresco",5,6
Pepe Nero,"0,1",,999964_1,PEPE NERO,"0,1",270
Sale Da Cucina,"0,3",,8021_1,SALE da cucina,"0,3",0
Analisi per porzione,"367,4",,,CALCOLI BDA 100g,"367,4",92
Analisi per 100 g,100,,,,,
,,,,,,
,,,,,,
Insalata di riso ,,,,,,
Riso,80,,5_1,"RISO, BRILLATO",80,365
Piselli Surgelati,20,,100142_1,PISELLI SURGELATI,20,70
Cetriolini Sott'aceto,20,,900606_1,CETRIOLINI SOTT'ACETO,20,17
Cipolline Sott'aceto,20,,900612_1,CIPOLLINE SOTT'ACETO,20,26
"Uovo Di Gallina, Intero",20,,1800_2,"UOVO DI GALLINA, INTERO",20,128
Zucchine,20,,349_1,ZUCCHINE,20,14
Carote,20,,312_1,CAROTE,20,39
"Tonno Sott'olio, Sgocciolato",20,,1514_2,"TONNO SOTT'OLIO, sgocciolato",20,192
Prosciutto Cotto,15,,1147_2,PROSCIUTTO COTTO,15,215
Olio Di Oliva Extravergine,10,,702901_2,OLIO DI OLIVA EXTRAVERGINE,10,899
Sale Da Cucina,"0,3",,8021_1,SALE da cucina,"0,3",0
Analisi per porzione,"245,3",,,CALCOLI BDA 100g,"245,3",208
Analisi per 100 g,100,,,,,
,,,,,,
,,,,,,
Insalata fredda di ceci con extravergine,,,,,,
"Ceci, Secchi",50,,201_1,"CECI, secchi",50,363
Olio Di Oliva Extravergine,10,,702901_2,OLIO DI OLIVA EXTRAVERGINE,10,899
Pepe Nero,"0,1",,999964_1,PEPE NERO,"0,1",270
"Prezzemolo, Fresco",4,,338_1,"PREZZEMOLO, fresco",4,30
Sale Da Cucina,"0,3",,8021_1,SALE da cucina,"0,3",0
Analisi per porzione,"64,4",,,CALCOLI BDA 100g,"64,4",424
Analisi per 100 g,100,,,,,
,,,,,,
,,,,,,
Insalata fredda di ceci con peperonata,,,,,,
"Ceci, Secchi",50,,201_1,"CECI, secchi",50,363
Peperonata,100,,336_1,PEPERONATA,100,67
Olio Di Oliva Extravergine,10,,702901_2,OLIO DI OLIVA EXTRAVERGINE,10,899
Pepe Nero,"0,1",,999964_1,PEPE NERO,"0,1",270
Sale Da Cucina,"0,3",,8021_1,SALE da cucina,"0,3",0
Analisi per porzione,"160,4",,,CALCOLI BDA 100g,"160,4",211
Analisi per 100 g,100,,,,,
,,,,,,
,,,,,,
"Insalata mista con carote e pomodori, condita",,,,,,
Radicchio Rosso,40,,339_1,RADICCHIO ROSSO,40,18
Lattuga,40,,331_1,LATTUGA,40,22
Carote,40,,312_1,CAROTE,40,39
Pomodori Maturi,60,,390_1,POMODORI MATURI,60,21
Aceto,5,,100205_1,ACETO,5,4
Olio Di Oliva Extravergine,10,,702901_2,OLIO DI OLIVA EXTRAVERGINE,10,899
Sale Da Cucina,"0,3",,8021_1,SALE da cucina,"0,3",0
Analisi per porzione,"195,3",,,CALCOLI BDA 100g,"195,3",69
Analisi per 100 g,100,,,,,
,,,,,,
,,,,,,
"Insalata, condita",,,,,,
Insalata Ns,80,,9001_1,INSALATA NS,80,19
Olio Di Oliva Extravergine,10,,702901_2,OLIO DI OLIVA EXTRAVERGINE,10,899
Aceto,5,,100205_1,ACETO,5,4
Sale Da Cucina,"0,3",,8021_1,SALE da cucina,"0,3",0
Analisi per porzione,"95,3",,,CALCOLI BDA 100g,"95,3",110
Analisi per 100 g,100,,,,,
,,,,,,
,,,,,,
Involtini di carne con spinaci,,,,,,
"Manzo, tagli di carne magra",100,,8520_2,"BOVINO, VITELLONE, 15-18 MESI, TAGLI DI CARNE MAGRA, senza grasso visibile",100,108
Fontina,20,,1710_2,FONTINA,20,343
Spinaci,70,,345_1,SPINACI,70,35
Passata di pomodoro,25,,3001_1,PASSATA DI POMODORO,25,36
Olio Di Oliva Extravergine,10,,702901_2,OLIO DI OLIVA EXTRAVERGINE,10,899
Sale Da Cucina,"0,3",,8021_1,SALE da cucina,"0,3",0
Pepe Nero,"0,1",,999964_1,PEPE NERO,"0,1",270
Analisi per porzione,"225,4",,,CALCOLI BDA 100g,"225,4",133
Analisi per 100 g,100,,,,,
,,,,,,
,,,,,,
Involtini di pollo con prosciutto e formaggio,,,,,,
"Pollo, Petto, Senza Pelle",100,,8689_2,"POLLO, PETTO, senza pelle",100,100
Prosciutto Cotto,20,,1147_2,PROSCIUTTO COTTO,20,215
Fontina,20,,1710_2,FONTINA,20,343
Olio Di Oliva Extravergine,10,,702901_2,OLIO DI OLIVA EXTRAVERGINE,10,899
Sale Da Cucina,"0,3",,8021_1,SALE da cucina,"0,3",0
Pepe Nero,"0,1",,999964_1,PEPE NERO,"0,1",270
Analisi per porzione,"150,4",,,CALCOLI BDA 100g,"150,4",201
Analisi per 100 g,100,,,,,
,,,,,,
,,,,,,
Lasagne alla bolognese,,,,,,
"Pasta All'uovo, Secca",30,,51_1,"PASTA ALL'UOVO, secca",30,375
"Bovino, Vitellone, 15-18 Mesi, Scamone, Senza Grasso Visibile",40,,8659_2,"BOVINO, VITELLONE, 15-18 MESI, scamone, senza grasso visibile",40,119
Besciamella,"67,93478261",,1603_2,"LATTE DI VACCA, PARZIALMENTE SCREMATO, PASTORIZZATO",68,46
Besciamella,"4,076086957",,1900_2,BURRO,4,758
Besciamella,"1,902173913",,11_2,"FARINA DI FRUMENTO, TIPO 0",2,321
Besciamella,"0,9510869565",,8021_1,SALE da cucina,1,0
Besciamella,"0,1358695652",,100217_1,NOCE MOSCATA,0,442
"Suino, Leggero, Lombo, Senza Grasso Visibile",10,,8670_2,"SUINO, LEGGERO, lombo, senza grasso visibile",10,146
Cipolle,19,,322_1,CIPOLLE,19,28
Carote,10,,312_1,CAROTE,10,39
Sedano,8,,343_1,SEDANO,8,23
Passata di pomodoro,40,,3001_1,PASSATA DI POMODORO,40,36
Olio Di Oliva Extravergine,5,,702901_2,OLIO DI OLIVA EXTRAVERGINE,5,899
Parmigiano grattuggiato,10,,1726_2,PARMIGIANO,10,387
Burro,"2,6",,1900_2,BURRO,"2,6",758
Sale Da Cucina,"0,3",,8021_1,SALE da cucina,"0,3",0
Pepe Nero,"0,1",,999964_1,PEPE NERO,"0,1",270
Analisi per porzione,250,,,CALCOLI BDA 100g,"250,0",149
Analisi per 100 g,100,,,,,
,,,,,,
,,,,,,
Latte macchiato,,,,,,
Latte intero,125,,1602_2,"LATTE DI VACCA, INTERO PASTORIZZATO",125,64
Caffè,30,,700796_2,"CAFFE' MOKA, in tazza",30,2
Analisi per porzione,155,,,CALCOLI BDA 100g,"155,0",52
Analisi per 100 g,100,,,,,
,,,,,,
,,,,,,
"Lattuga, condita",,,,,,
Lattuga,80,,331_1,LATTUGA,80,22
Olio Di Oliva Extravergine,10,,702901_2,OLIO DI OLIVA EXTRAVERGINE,10,899
Aceto,5,,100205_1,ACETO,5,4
Sale Da Cucina,"0,3",,8021_1,SALE da cucina,"0,3",0
Analisi per porzione,"95,3",,,CALCOLI BDA 100g,"95,3",113
Analisi per 100 g,100,,,,,
,,,,,,
,,,,,,
Lenticchie in umido con sugo al pomodoro,,,,,,
"Lenticchie, Secche",50,,204_1,"LENTICCHIE, secche",50,352
Olio Di Oliva Extravergine,10,,702901_2,OLIO DI OLIVA EXTRAVERGINE,10,899
Cipolle,18,,322_1,CIPOLLE,18,28
Passata di pomodoro,72,,3001_1,PASSATA DI POMODORO,72,36
"Prezzemolo, Fresco",3,,338_1,"PREZZEMOLO, fresco",3,30
Sale Da Cucina,"0,3",,8021_1,SALE da cucina,"0,3",0
Pepe Nero,"0,1",,999964_1,PEPE NERO,"0,1",270
Peperoncini Piccanti,"0,3",,335_1,PEPERONCINI PICCANTI,"0,3",30
Analisi per porzione,"153,7",,,CALCOLI BDA 100g,"153,7",194
Analisi per 100 g,100,,,,,
,,,,,,
,,,,,,
Lonza di maiale in padella,,,,,,
"Suino, Leggero, Bistecca, Senza Grasso Visibile",100,,1043_2,"SUINO, LEGGERO, bistecca, senza grasso visibile",100,157
Olio Di Oliva Extravergine,10,,702901_2,OLIO DI OLIVA EXTRAVERGINE,10,899
Sale Da Cucina,"0,3",,8021_1,SALE da cucina,"0,3",0
Erbe Aromatiche (FOGLIE),2,,100284_1,ERBE AROMATICHE (FOGLIE),2,88
Pepe Nero,"0,1",,999964_1,PEPE NERO,"0,1",270
Analisi per porzione,"112,4",,,CALCOLI BDA 100g,"112,4",221
Analisi per 100 g,100,,,,,
,,,,,,
,,,,,,
Macedonia,,,,,,
"Mele, Senza Buccia",30,,419_2,"MELE, senza buccia",30,57
"Pera, Senza Buccia",30,,424_2,"PERA, senza buccia",30,43
Kiwi,30,,429_2,KIWI,30,48
Mandarini,20,,417_2,MANDARINI,20,76
Banana,20,,406_2,BANANA,20,69
Uva,20,,428_2,UVA,20,64
Zucchero (Saccarosio),5,,2021_1,ZUCCHERO (Saccarosio),5,392
Succo Di Limone,5,,414_2,"SUCCO DI LIMONE, fresco",5,6
Analisi per porzione,160,,,CALCOLI BDA 100g,"160,0",66
Analisi per 100 g,100,,,,,
,,,,,,
,,,,,,
Macedonia con due palline di gelato,,,,,,
"Mele, Senza Buccia",30,,419_2,"MELE, senza buccia",30,57
"Pera, Senza Buccia",30,,424_2,"PERA, senza buccia",30,43
Banana,20,,406_2,BANANA,20,69
Kiwi,30,,429_2,KIWI,30,48
Uva,20,,428_2,UVA,20,64
Mandarini,20,,417_2,MANDARINI,20,76
Gelato alla panna,100,,19032_1,GELATO AL CIOCCOLATO,100,218
Analisi per porzione,250,,,CALCOLI BDA 100g,"250,0",122
Analisi per 100 g,100,,,,,
,,,,,,
,,,,,,
Mela cotta con cannella,,,,,,
"Mele, Con Buccia",150,,8807_2,"MELE, con buccia",150,44
Zucchero (Saccarosio),5,,2021_1,ZUCCHERO (Saccarosio),5,392
Cannella,2,,100207_1,CANNELLA,2,301
Analisi per porzione,157,,,CALCOLI BDA 100g,"157,0",58
Analisi per 100 g,100,,,,,
,,,,,,
,,,,,,
Melanzane al pomodoro,,,,,,
Melanzane,200,,334_1,MELANZANE,200,20
"Aglio, Fresco",5,,301_1,"AGLIO, fresco",5,45
Passata di pomodoro,80,,3001_1,PASSATA DI POMODORO,80,36
Olio Di Oliva Extravergine,10,,702901_2,OLIO DI OLIVA EXTRAVERGINE,10,899
Sale Da Cucina,"0,3",,8021_1,SALE da cucina,"0,3",0
"Basilico, Fresco",5,,8001_1,"BASILICO, fresco",5,49
Analisi per porzione,"300,3",,,CALCOLI BDA 100g,"300,3",54
Analisi per 100 g,100,,,,,
,,,,,,
,,,,,,
Melanzane grigliate,,,,,,
Melanzane,200,,334_1,MELANZANE,200,20
"Aglio, Fresco",2,,301_1,"AGLIO, fresco",2,45
Olio Di Oliva Extravergine,10,,702901_2,OLIO DI OLIVA EXTRAVERGINE,10,899
Sale Da Cucina,"0,3",,8021_1,SALE da cucina,"0,3",0
Analisi per porzione,"212,3",,,CALCOLI BDA 100g,"212,3",62
Analisi per 100 g,100,,,,,
,,,,,,
,,,,,,
Melanzane in carrozza,,,,,,
Melanzane,200,,334_1,MELANZANE,200,20
Mozzarella (vaccina),80,,1718_2,MOZZARELLA DI VACCA,80,253
Olio Di Oliva Extravergine,25,,702901_2,OLIO DI OLIVA EXTRAVERGINE,25,899
"Uovo Di Gallina, Intero",20,,1800_2,"UOVO DI GALLINA, INTERO",20,128
"Farina Di Frumento, Tipo 00",10,,12_1,"FARINA DI FRUMENTO, TIPO 00",10,348
"Basilico, Fresco",2,,8001_1,"BASILICO, fresco",2,49
Sale Da Cucina,"0,3",,8021_1,SALE da cucina,"0,3",0
Analisi per porzione,"337,3",,,CALCOLI BDA 100g,"337,3",157
Analisi per 100 g,100,,,,,
,,,,,,
,,,,,,
Merluzzo al vapore con olio,,,,,,
Merluzzo,150,,1313_2,MERLUZZO,150,71
Olio Di Oliva Extravergine,10,,702901_2,OLIO DI OLIVA EXTRAVERGINE,10,899
Sale Da Cucina,"0,3",,8021_1,SALE da cucina,"0,3",0
"Prezzemolo, Fresco",3,,338_1,"PREZZEMOLO, fresco",3,30
Analisi per porzione,"163,3",,,CALCOLI BDA 100g,"163,3",121
Analisi per 100 g,100,,,,,
,,,,,,
,,,,,,
Minestrone di verdure con patate e legumi,,,,,,
Brodo Vegetale,125,,701358_1,BRODO VEGETALE,125,6
Verza,30,,316_1,VERZA,30,24
Carote,50,,312_1,CAROTE,50,39
Pomodori Maturi,50,,390_1,POMODORI MATURI,50,21
Cipolle,50,,322_1,CIPOLLE,50,28
Sedano,20,,343_1,SEDANO,20,23
Fagioli lessati,25,,100139_1,"BORLOTTI, IN SCATOLA, SCOLATI",25,58
Piselli Surgelati,25,,100142_1,PISELLI SURGELATI,25,70
Patate,50,,381_1,PATATE,50,80
"Aglio, Fresco",2,,301_1,"AGLIO, fresco",2,45
Olio Di Oliva Extravergine,10,,702901_2,OLIO DI OLIVA EXTRAVERGINE,10,899
Parmigiano,5,,1726_2,PARMIGIANO,5,387
"Prezzemolo, Fresco",2,,338_1,"PREZZEMOLO, fresco",2,30
Pepe Nero,"0,1",,999964_1,PEPE NERO,"0,1",270
Analisi per porzione,"444,1",,,CALCOLI BDA 100g,"444,1",55
Analisi per 100 g,100,,,,,
,,,,,,
,,,,,,
Minestrone di verdure senza patate e legumi,,,,,,
Brodo Di Carne E Verdura,125,,9040_1,BRODO DI CARNE E VERDURA,125,5
Pomodori Maturi,40,,390_1,POMODORI MATURI,40,21
Verza,30,,316_1,VERZA,30,24
Zucchine,30,,349_1,ZUCCHINE,30,14
Carote,50,,312_1,CAROTE,50,39
Cipolle,30,,322_1,CIPOLLE,30,28
Sedano,20,,343_1,SEDANO,20,23
"Aglio, Fresco",2,,301_1,"AGLIO, fresco",2,45
Olio Di Oliva Extravergine,10,,702901_2,OLIO DI OLIVA EXTRAVERGINE,10,899
Parmigiano,5,,1726_2,PARMIGIANO,5,387
"Prezzemolo, Fresco",2,,338_1,"PREZZEMOLO, fresco",2,30
Pepe Nero,"0,1",,999964_1,PEPE NERO,"0,1",270
Analisi per porzione,"344,1",,,CALCOLI BDA 100g,"344,1",49
Analisi per 100 g,100,,,,,
,,,,,,
,,,,,,
Minestrone di verdure senza patate e legumi con orzo,,,,,,
Brodo Di Carne E Verdura,125,,9040_1,BRODO DI CARNE E VERDURA,125,5
Pomodori Maturi,30,,390_1,POMODORI MATURI,30,21
Verza,30,,316_1,VERZA,30,24
Zucchine,30,,349_1,ZUCCHINE,30,14
Carote,30,,312_1,CAROTE,30,39
Cipolle,20,,322_1,CIPOLLE,20,28
Sedano,20,,343_1,SEDANO,20,23
"Orzo, Perlato",40,,4_1,"ORZO, PERLATO",40,337
"Aglio, Fresco",2,,301_1,"AGLIO, fresco",2,45
Olio Di Oliva Extravergine,10,,702901_2,OLIO DI OLIVA EXTRAVERGINE,10,899
Parmigiano,5,,1726_2,PARMIGIANO,5,387
"Prezzemolo, Fresco",2,,338_1,"PREZZEMOLO, fresco",2,30
Pepe Nero,"0,1",,999964_1,PEPE NERO,"0,1",270
Analisi per porzione,"344,1",,,CALCOLI BDA 100g,"344,1",85
Analisi per 100 g,100,,,,,
,,,,,,
,,,,,,
Minestrone di verdure senza patate e legumi con pastina ,,,,,,
Brodo Di Carne E Verdura,125,,9040_1,BRODO DI CARNE E VERDURA,125,5
Pomodori Maturi,30,,390_1,POMODORI MATURI,30,21
Verza,30,,316_1,VERZA,30,24
Zucchine,30,,349_1,ZUCCHINE,30,14
Carote,30,,312_1,CAROTE,30,39
Cipolle,20,,322_1,CIPOLLE,20,28
Sedano,20,,343_1,SEDANO,20,23
Pasta Di Semola,40,,50_1,PASTA DI SEMOLA,40,362
"Aglio, Fresco",2,,301_1,"AGLIO, fresco",2,45
Olio Di Oliva Extravergine,10,,702901_2,OLIO DI OLIVA EXTRAVERGINE,10,899
Parmigiano,5,,1726_2,PARMIGIANO,5,387
"Prezzemolo, Fresco",2,,338_1,"PREZZEMOLO, fresco",2,30
Pepe Nero,"0,1",,999964_1,PEPE NERO,"0,1",270
Analisi per porzione,"344,1",,,CALCOLI BDA 100g,"344,1",88
Analisi per 100 g,100,,,,,
,,,,,,
,,,,,,
Minestrone di verdure senza patate e legumi con riso,,,,,,
Brodo Di Carne E Verdura,125,,9040_1,BRODO DI CARNE E VERDURA,125,5
Pomodori Maturi,30,,390_1,POMODORI MATURI,30,21
Verza,30,,316_1,VERZA,30,24
Zucchine,30,,349_1,ZUCCHINE,30,14
Carote,30,,312_1,CAROTE,30,39
Cipolle,20,,322_1,CIPOLLE,20,28
Sedano,20,,343_1,SEDANO,20,23
"Riso, Brillato",40,,5_1,"RISO, BRILLATO",40,365
"Aglio, Fresco",2,,301_1,"AGLIO, fresco",2,45
Olio Di Oliva Extravergine,10,,702901_2,OLIO DI OLIVA EXTRAVERGINE,10,899
Parmigiano,5,,1726_2,PARMIGIANO,5,387
"Prezzemolo, Fresco",2,,338_1,"PREZZEMOLO, fresco",2,30
Pepe Nero,"0,1",,999964_1,PEPE NERO,"0,1",270
Analisi per porzione,"344,1",,,CALCOLI BDA 100g,"344,1",88
Analisi per 100 g,100,,,,,
,,,,,,
,,,,,,
Nervetti a cubetti,,,,,,
Nervetti (bovino),100,,1100_2,NERVETTI (bovino),50,85
Analisi per porzione,100,,,CALCOLI BDA 100g,"50,0",85
Analisi per 100 g,100,,,,,
,,,,,,
,,,,,,
Nodino di vitello ai ferri,,,,,,
"Bovino, Vitello, 4 Mesi, Carne Magra, Senza Grasso Visibile",100,,1006_2,"BOVINO, VITELLO, 4 MESI, CARNE MAGRA, senza grasso visibile",100,92
Olio Di Oliva Extravergine,10,,702901_2,OLIO DI OLIVA EXTRAVERGINE,10,899
Sale Da Cucina,"0,3",,8021_1,SALE da cucina,"0,3",0
Pepe Nero,"0,1",,999964_1,PEPE NERO,"0,1",270
Analisi per porzione,"110,4",,,CALCOLI BDA 100g,"110,4",165
Analisi per 100 g,100,,,,,
,,,,,,
,,,,,,
"Orata al forno, sfilettata",,,,,,
"Orata D'allevamento, Filetti",150,,8734_2,"ORATA D'ALLEVAMENTO, FILETTI",150,159
Olio Di Oliva Extravergine,10,,702901_2,OLIO DI OLIVA EXTRAVERGINE,10,899
Sale Da Cucina,"0,3",,8021_1,SALE da cucina,"0,3",0
Analisi per porzione,"160,3",,,CALCOLI BDA 100g,"160,3",205
Analisi per 100 g,100,,,,,
,,,,,,
,,,,,,
Orecchiette con i broccoli,,,,,,
Pasta Di Semola,80,,50_1,PASTA DI SEMOLA,80,362
Broccolo A Testa,150,,309_1,BROCCOLO A TESTA,150,33
Olio Di Oliva Extravergine,10,,702901_2,OLIO DI OLIVA EXTRAVERGINE,10,899
"Aglio, Fresco",2,,301_1,"AGLIO, fresco",2,45
Acciughe O Alici Sott'olio,5,,1501_2,ACCIUGHE o ALICI SOTT'OLIO,5,206
Pepe Nero,"0,1",,999964_1,PEPE NERO,"0,1",270
Sale Da Cucina,"0,3",,8021_1,SALE da cucina,"0,3",0
Analisi per porzione,"247,4",,,CALCOLI BDA 100g,"247,4",178
Analisi per 100 g,100,,,,,
,,,,,,
,,,,,,
"Ortaggi misti, conditi",,,,,,
Pomodori Maturi,40,,390_1,POMODORI MATURI,40,21
Carote,35,,312_1,CAROTE,35,39
Cetrioli,35,,318_1,CETRIOLI,35,15
Finocchio,30,,324_1,FINOCCHIO,30,13
Peperoni Dolci,30,,336_1,PEPERONI DOLCI,30,26
Ravanelli,30,,342_1,RAVANELLI,30,13
Aceto,5,,100205_1,ACETO,5,4
Olio Di Oliva Extravergine,10,,702901_2,OLIO DI OLIVA EXTRAVERGINE,10,899
Sale Da Cucina,"0,3",,8021_1,SALE da cucina,"0,3",0
Analisi per porzione,"215,3",,,CALCOLI BDA 100g,"215,3",62
Analisi per 100 g,100,,,,,
,,,,,,
,,,,,,
Orzo bollito con olio a crudo,,,,,,
"Orzo, Perlato",80,,4_1,"ORZO, PERLATO",80,337
Olio Di Oliva Extravergine,10,,702901_2,OLIO DI OLIVA EXTRAVERGINE,10,899
Sale Da Cucina,"0,3",,8021_1,SALE da cucina,"0,3",0
Analisi per porzione,"90,3",,,CALCOLI BDA 100g,"90,3",398
Analisi per 100 g,100,,,,,
,,,,,,
,,,,,,
Pancotto bianco,,,,,,
Brodo Vegetale,125,,701358_1,BRODO VEGETALE,125,6
Pane secco o raffermo,50,,700019_1,PANE TOSTATO,50,307
Burro,10,,1900_2,BURRO,10,758
Parmigiano grattuggiato,10,,1726_2,PARMIGIANO,10,387
Pepe Nero,"0,1",,999964_1,PEPE NERO,"0,1",270
Analisi per porzione,"195,1",,,CALCOLI BDA 100g,"195,1",141
Analisi per 100 g,100,,,,,
,,,,,,
,,,,,,
Pancotto rosso,,,,,,
Passata di pomodoro,75,,3001_1,PASSATA DI POMODORO,75,36
Pane secco o raffermo,50,,700019_1,PANE TOSTATO,50,307
Olio Di Oliva Extravergine,10,,702901_2,OLIO DI OLIVA EXTRAVERGINE,10,899
Parmigiano grattuggiato,5,,1726_2,PARMIGIANO,5,387
"Aglio, Fresco",3,,301_1,"AGLIO, fresco",3,45
Sale Da Cucina,"0,3",,8021_1,SALE da cucina,"0,3",0
Pepe Nero,"0,1",,999964_1,PEPE NERO,"0,1",270
Analisi per porzione,"143,4",,,CALCOLI BDA 100g,"143,4",203
Analisi per 100 g,100,,,,,
,,,,,,
,,,,,,
Panino con hamburger,,,,,,
Pane Comune,50,,100154_1,"PANE COMUNE, pezzatura da 250g",50,282
Hamburger da polpa scelta,100,,8663_2,HAMBURGER DA POLPA SCELTA,100,222
Cheddar,25,,1706_2,CHEDDAR,25,381
Pomodori Maturi,50,,390_1,POMODORI MATURI,50,21
Lattuga,10,,331_1,LATTUGA,10,22
Cipolle,10,,322_1,CIPOLLE,10,28
Analisi per porzione,245,,,CALCOLI BDA 100g,"245,0",193
Analisi per 100 g,100,,,,,
,,,,,,
,,,,,,
Panino rosetta con prosciutto cotto,,,,,,
Pane tipo rosetta o michetta o tartaruga,50,,100154_1,"PANE COMUNE, pezzatura da 250g",50,282
Prosciutto Cotto,25,,1147_2,PROSCIUTTO COTTO,25,215
Analisi per porzione,75,,,CALCOLI BDA 100g,"75,0",260
Analisi per 100 g,100,,,,,
,,,,,,
,,,,,,
Panino rosetta con prosciutto cotto e fontina,,,,,,
Pane tipo rosetta o michetta o tartaruga,50,,100154_1,"PANE COMUNE, pezzatura da 250g",50,282
Prosciutto Cotto,25,,1147_2,PROSCIUTTO COTTO,25,215
Fontina,25,,1710_2,FONTINA,25,343
Analisi per porzione,100,,,CALCOLI BDA 100g,100,281
Analisi per 100 g,100,,,,,
,,,,,,
,,,,,,
Panino rosetta con salame,,,,,,
Pane tipo rosetta o michetta o tartaruga,50,,100154_1,"PANE COMUNE, pezzatura da 250g",50,282
Salame Brianza,25,,8718_2,SALAME BRIANZA,25,384
Analisi per porzione,75,,,CALCOLI BDA 100g,"75,0",316
Analisi per 100 g,100,,,,,
,,,,,,
,,,,,,
Panzanella,,,,,,
Pane secco o raffermo,50,,700019_1,PANE TOSTATO,50,307
Pomodori Maturi,100,,390_1,POMODORI MATURI,100,21
Cipolle,10,,322_1,CIPOLLE,10,28
"Basilico, Fresco",2,,8001_1,"BASILICO, fresco",2,49
Olio Di Oliva Extravergine,10,,702901_2,OLIO DI OLIVA EXTRAVERGINE,10,899
Aceto,5,,100205_1,ACETO,5,4
Sedano,10,,343_1,SEDANO,10,23
Sale Da Cucina,"0,3",,8021_1,SALE da cucina,"0,3",0
Pepe Nero,"0,1",,999964_1,PEPE NERO,"0,1",270
Analisi per porzione,"187,4",,,CALCOLI BDA 100g,"187,4",145
Analisi per 100 g,100,,,,,
,,,,,,
,,,,,,
Pappa al pomodoro,,,,,,
Passata di pomodoro,180,,3001_1,PASSATA DI POMODORO,180,36
Pane secco o raffermo,50,,700019_1,PANE TOSTATO,50,307
Brodo Di Carne E Verdura,125,,9040_1,BRODO DI CARNE E VERDURA,125,5
Olio Di Oliva Extravergine,10,,702901_2,OLIO DI OLIVA EXTRAVERGINE,10,899
"Aglio, Fresco",3,,301_1,"AGLIO, fresco",3,45
Pepe Nero,"0,1",,999964_1,PEPE NERO,"0,1",270
"Basilico, Fresco",3,,8001_1,"BASILICO, fresco",3,49
Analisi per porzione,"371,1",,,CALCOLI BDA 100g,"371,1",86
Analisi per 100 g,100,,,,,
,,,,,,
,,,,,,
Parmigiana di melanzane,,,,,,
Melanzane,200,,334_1,MELANZANE,200,20
Mozzarella (vaccina),50,,1718_2,MOZZARELLA DI VACCA,50,253
Passata di pomodoro,85,,3001_1,PASSATA DI POMODORO,85,36
Cipolle,15,,322_1,CIPOLLE,15,28
Parmigiano,20,,1726_2,PARMIGIANO,20,387
"Aglio, Fresco",2,,301_1,"AGLIO, fresco",2,45
"Basilico, Fresco",2,,8001_1,"BASILICO, fresco",2,49
"Farina Di Frumento, Tipo 00",10,,12_1,"FARINA DI FRUMENTO, TIPO 00",10,348
Olio Di Oliva Extravergine,25,,702901_2,OLIO DI OLIVA EXTRAVERGINE,25,899
Sale Da Cucina,"0,3",,8021_1,SALE da cucina,"0,3",0
Pepe Nero,"0,1",,999964_1,PEPE NERO,"0,1",270
Analisi per porzione,"409,4",,,CALCOLI BDA 100g,"409,4",132
Analisi per 100 g,100,,,,,
,,,,,,
,,,,,,
Passato di verdure senza patate e legumi,,,,,,
Brodo Di Carne E Verdura,125,,9040_1,BRODO DI CARNE E VERDURA,125,5
Pomodori Maturi,30,,390_1,POMODORI MATURI,30,21
Verza,30,,316_1,VERZA,30,24
Zucchine,30,,349_1,ZUCCHINE,30,14
"Aglio, Fresco",2,,301_1,"AGLIO, fresco",2,45
Carote,40,,312_1,CAROTE,40,39
Cipolle,30,,322_1,CIPOLLE,30,28
"Prezzemolo, Fresco",1,,338_1,"PREZZEMOLO, fresco",1,30
Sedano,40,,343_1,SEDANO,40,23
Parmigiano,5,,1726_2,PARMIGIANO,5,387
Olio Di Oliva Extravergine,10,,702901_2,OLIO DI OLIVA EXTRAVERGINE,10,899
Pepe Nero,"0,1",,999964_1,PEPE NERO,"0,1",270
Analisi per porzione,"343,1",,,CALCOLI BDA 100g,"343,1",49
Analisi per 100 g,100,,,,,